"Date","IBIT.Open","IBIT.High","IBIT.Low","IBIT.Close","IBIT.Volume","IBIT.Adjusted"
2024-01-11,27.9400005340576,30,26.2800006866455,26.6299991607666,37657300,26.6299991607666
2024-01-12,26.3999996185303,26.4099998474121,24.75,24.9699993133545,22991900,24.9699993133545
2024-01-16,24.7000007629395,24.8619995117188,24.0400009155273,24.7199993133545,15078200,24.7199993133545
2024-01-17,24.3500003814697,24.5599994659424,24.1499996185303,24.4099998474121,13964500,24.4099998474121
2024-01-18,24.3500003814697,24.4699993133545,23.2000007629395,23.3400001525879,17823200,23.3400001525879
2024-01-19,23.4899997711182,24.1200008392334,23.0300006866455,23.7999992370605,18284100,23.7999992370605
2024-01-22,23.2000007629395,23.3299999237061,22.5,22.9500007629395,17222100,22.9500007629395
2024-01-23,22.1900005340576,22.6299991607666,22.0200004577637,22.3199996948242,13431700,22.3199996948242
2024-01-24,22.8199996948242,22.9699993133545,22.5699996948242,22.6000003814697,11929100,22.6000003814697
2024-01-25,22.8600006103516,22.8999996185303,22.5799999237061,22.7600002288818,8954900,22.7600002288818
2024-01-26,23.5200004577637,24.1200008392334,23.4799995422363,23.9899997711182,20273800,23.9899997711182
2024-01-29,23.9899997711182,24.7700004577637,23.8799991607666,24.6700000762939,19012900,24.6700000762939
2024-01-30,24.8400001525879,24.9799995422363,24.6849994659424,24.8799991607666,15541300,24.8799991607666
2024-01-31,24.3799991607666,25,24.2600002288818,24.2999992370605,13369300,24.2999992370605
2024-02-01,24.2099990844727,24.7199993133545,24.1900005340576,24.5400009155273,12411400,24.5400009155273
2024-02-02,24.3899993896484,24.8250007629395,24.3799991607666,24.5,10329000,24.5
2024-02-05,24.75,24.7900009155273,24.1299991607666,24.1900005340576,6807500,24.1900005340576
2024-02-06,24.4699993133545,24.7700004577637,24.4500007629395,24.6000003814697,7352900,24.6000003814697
2024-02-07,24.6599998474121,25.2859992980957,24.4899997711182,25.2199993133545,13952200,25.2199993133545
2024-02-08,25.7549991607666,26.0799999237061,25.6399993896484,26.0300006866455,18568500,26.0300006866455
2024-02-09,26.8500003814697,27.5699996948242,26.75,27.1499996185303,20742800,27.1499996185303
2024-02-12,27.5300006866455,28.8600006103516,27.5149993896484,28.6599998474121,35138600,28.6599998474121
2024-02-13,27.9699993133545,28.2800006866455,27.6200008392334,28.2199993133545,20913600,28.2199993133545
2024-02-14,29.5799999237061,29.8250007629395,29.2399997711182,29.5499992370605,28134500,29.5499992370605
2024-02-15,29.9950008392334,30.2299995422363,29.4799995422363,29.5200004577637,22844700,29.5200004577637
2024-02-16,29.8579998016357,29.9699993133545,29.4899997711182,29.6200008392334,15976500,29.6200008392334
2024-02-20,29.8799991607666,29.9200000762939,28.9699993133545,29.6700000762939,21166400,29.6700000762939
2024-02-21,29.0550003051758,29.3500003814697,28.9099998474121,29.0799999237061,17664400,29.0799999237061
2024-02-22,29.1700000762939,29.7600002288818,29.1350002288818,29.7199993133545,15468400,29.7199993133545
2024-02-23,29.2600002288818,29.3099994659424,28.9099998474121,29.1599998474121,13285800,29.1599998474121
2024-02-26,29.3400001525879,31.4300003051758,29.3299999237061,31.1200008392334,42806400,31.1200008392334
2024-02-27,32.5299987792969,32.9599990844727,32.1699981689453,32.5900001525879,42006400,32.5900001525879
2024-02-28,34.4099998474121,36.8699989318848,33.7999992370605,34.4500007629395,96833400,34.4500007629395
2024-02-29,36.2050018310547,36.3800010681152,34.4700012207031,35.4199981689453,53837500,35.4199981689453
2024-03-01,35.6500015258789,36.1699981689453,34.9300003051758,35.9900016784668,35133600,35.9900016784668
2024-03-04,37.4199981689453,38.8899993896484,37.4000015258789,38.6500015258789,63439000,38.6500015258789
2024-03-05,38.6650009155273,39.689998626709,34.0299987792969,35.3199996948242,107143600,35.3199996948242
2024-03-06,38.1599998474121,38.5950012207031,37.2949981689453,38.2900009155273,45934300,38.2900009155273
2024-03-07,38.5,38.939998626709,38.0800018310547,38.6300010681152,41450800,38.6300010681152
2024-03-08,38.935001373291,40.2000007629395,37.7700004577637,39.5499992370605,89934000,39.5499992370605
2024-03-11,41.310001373291,41.6500015258789,40.7400016784668,41.1199989318848,74430400,41.1199989318848
2024-03-12,41.2799987792969,41.7999992370605,39.2099990844727,40.7299995422363,98022800,40.7299995422363
2024-03-13,41.5200004577637,41.9900016784668,40.9300003051758,41.9500007629395,59347000,41.9500007629395
2024-03-14,41.4599990844727,41.5299987792969,39.0099983215332,39.5099983215332,99521100,39.5099983215332
2024-03-15,38.689998626709,40.3240013122559,38.439998626709,39.3899993896484,68768300,39.3899993896484
2024-03-18,38.810001373291,39.1300010681152,37.9300003051758,38.1399993896484,53201600,38.1399993896484
2024-03-19,36.3499984741211,37.5299987792969,35.4900016784668,36.7000007629395,69685200,36.7000007629395
2024-03-20,36.1800003051758,37.689998626709,35.4099998474121,37.5499992370605,71309300,37.5499992370605
2024-03-21,38.6049995422363,38.6100006103516,37,37.1500015258789,47085900,37.1500015258789
2024-03-22,36.5999984741211,36.689998626709,35.7050018310547,36.4099998474121,39957400,36.4099998474121
2024-03-25,38.2000007629395,40.6199989318848,38.1949996948242,40.5499992370605,64562000,40.5499992370605
2024-03-26,40.4500007629395,40.5099983215332,39.5400009155273,39.6300010681152,44351400,39.6300010681152
2024-03-27,40.9099998474121,40.9700012207031,39.0149993896484,39.1300010681152,46746900,39.1300010681152
2024-03-28,40.560001373291,40.9599990844727,40.2150001525879,40.4700012207031,44620800,40.4700012207031
2024-04-01,39.9900016784668,40.0299987792969,38.8349990844727,39.75,34652000,39.75
2024-04-02,37.0200004577637,37.8400001525879,36.7999992370605,37.5999984741211,34073400,37.5999984741211
2024-04-03,37.5,38.2000007629395,37.3699989318848,37.5400009155273,29387400,37.5400009155273
2024-04-04,38.4099998474121,39.6100006103516,38.2900009155273,39.0800018310547,44185500,39.0800018310547
2024-04-05,38.1599998474121,39.1549987792969,38.1100006103516,38.4099998474121,28670500,38.4099998474121
2024-04-08,41.1500015258789,41.2000007629395,40.6100006103516,40.9500007629395,40056700,40.9500007629395
2024-04-09,40.2900009155273,40.5,38.9000015258789,39.3300018310547,35513700,39.3300018310547
2024-04-10,38.5800018310547,40,38.4599990844727,40,38908000,40
2024-04-11,40.3499984741211,40.4539985656738,39.6549987792969,40.1699981689453,27725500,40.1699981689453
2024-04-12,40,40.0999984741211,37.1699981689453,38.1399993896484,57221400,38.1399993896484
2024-04-15,37.7799987792969,37.9500007629395,35.5400009155273,36.0800018310547,46360300,36.0800018310547
2024-04-16,36.0400009155273,36.1300010681152,35.1599998474121,35.75,35341700,35.75
2024-04-17,35.5699996948242,35.9199981689453,33.9900016784668,34.7599983215332,52597900,34.7599983215332
2024-04-18,35.5800018310547,36.6100006103516,35.2799987792969,36.2099990844727,35544200,36.2099990844727
2024-04-19,36.9500007629395,37.1500015258789,36.2400016784668,36.6699981689453,34806700,36.6699981689453
2024-04-22,37.6699981689453,38.1500015258789,37.4500007629395,37.9300003051758,29881100,37.9300003051758
2024-04-23,37.7099990844727,38.310001373291,37.689998626709,37.9000015258789,17572300,37.9000015258789
2024-04-24,37.6300010681152,37.8300018310547,36.2900009155273,36.4099998474121,32178000,36.4099998474121
2024-04-25,35.939998626709,36.9900016784668,35.7900009155273,36.8600006103516,25317100,36.8600006103516
2024-04-26,36.3499984741211,36.9220008850098,36.060001373291,36.3199996948242,20226000,36.3199996948242
2024-04-29,35.5900001525879,36,35.1399993896484,35.8699989318848,21694900,35.8699989318848
2024-04-30,34.810001373291,35.0099983215332,33.5400009155273,33.5699996948242,41584300,33.5699996948242
2024-05-01,32.8199996948242,33.8300018310547,32.2000007629395,32.3899993896484,45405600,32.3899993896484
2024-05-02,33.4500007629395,33.9650001525879,33.1599998474121,33.7999992370605,23146300,33.7999992370605
2024-05-03,34.9000015258789,35.5,34.8549995422363,35.4000015258789,26368300,35.4000015258789
2024-05-06,36.2400016784668,36.6100006103516,35.7379989624023,36.0099983215332,27166600,36.0099983215332
2024-05-07,36.2099990844727,36.6889991760254,35.7799987792969,35.9300003051758,14753300,35.9300003051758
2024-05-08,35.3400001525879,35.7900009155273,35.1699981689453,35.3800010681152,14277700,35.3800010681152
2024-05-09,34.939998626709,35.75,34.6599998474121,35.5800018310547,16930100,35.5800018310547
2024-05-10,35.7999992370605,35.9949989318848,34.2599983215332,34.5800018310547,28986000,34.5800018310547
2024-05-13,35.7799987792969,36.189998626709,35.6500015258789,36,17204900,36
2024-05-14,35.3400001525879,35.4949989318848,34.7999992370605,35.0699996948242,13742700,35.0699996948242
2024-05-15,36.6699981689453,37.9300003051758,36.4599990844727,37.6699981689453,40518600,37.6699981689453
2024-05-16,37.6349983215332,37.9099998474121,36.8209991455078,37.1500015258789,22092100,37.1500015258789
2024-05-17,37.8400001525879,38.5400009155273,37.5400009155273,38.2799987792969,25516900,38.2799987792969
2024-05-20,38.2099990844727,40.0499992370605,38.0699996948242,39.9700012207031,32788600,39.9700012207031
2024-05-21,40.4650001525879,40.6699981689453,39.4049987792969,39.4700012207031,29875200,39.4700012207031
2024-05-22,39.7700004577637,40.3300018310547,39.4449996948242,39.7099990844727,20566800,39.7099990844727
2024-05-23,39.5099983215332,39.5750007629395,38.0099983215332,38.2700004577637,23933800,38.2700004577637
2024-05-24,38.4300003051758,39.5900001525879,38.1599998474121,39.4599990844727,19910900,39.4599990844727
2024-05-28,38.9799995422363,39.0999984741211,38.3050003051758,38.9799995422363,19703200,38.9799995422363
2024-05-29,38.6599998474121,38.7400016784668,38.2400016784668,38.3199996948242,14675500,38.3199996948242
2024-05-30,38.875,39.689998626709,38.7849998474121,39.1599998474121,25868100,39.1599998474121
2024-05-31,39.1699981689453,39.2299995422363,37.9199981689453,38.5499992370605,23144700,38.5499992370605
2024-06-03,39.7799987792969,40.1199989318848,39.0900001525879,39.439998626709,27654000,39.439998626709
2024-06-04,39.5900001525879,40.5900001525879,39.4700012207031,40.1699981689453,40569500,40.1699981689453
2024-06-05,40.5800018310547,41,40.1110000610352,40.6699981689453,30997600,40.6699981689453
2024-06-06,40.5800018310547,40.8899993896484,40.1399993896484,40.1599998474121,20193000,40.1599998474121
2024-06-07,40.689998626709,40.8899993896484,38.8899993896484,39.4199981689453,35710300,39.4199981689453
2024-06-10,39.4650001525879,40.0200004577637,39.4000015258789,39.5900001525879,15645900,39.5900001525879
2024-06-11,38.2900009155273,38.5349998474121,37.6199989318848,38.4300003051758,29402900,38.4300003051758
2024-06-12,39.4900016784668,39.9599990844727,38.2999992370605,38.4500007629395,27518600,38.4500007629395
2024-06-13,38.7799987792969,38.935001373291,37.6800003051758,37.9000015258789,24858500,37.9000015258789
2024-06-14,38.3600006103516,38.3899993896484,37.0250015258789,37.2999992370605,22309000,37.2999992370605
2024-06-17,37.3849983215332,38.3400001525879,37.0200004577637,37.9799995422363,17785600,37.9799995422363
2024-06-18,36.9490013122559,37.2299995422363,36.439998626709,36.6399993896484,25778200,36.6399993896484
2024-06-20,37.2200012207031,37.310001373291,36.7299995422363,37.0400009155273,15271100,37.0400009155273
2024-06-21,36.2099990844727,36.6749992370605,36.060001373291,36.5800018310547,20912400,36.5800018310547
2024-06-24,34.8699989318848,35.1399993896484,33.5800018310547,33.7649993896484,46597000,33.7649993896484
2024-06-25,34.8849983215332,35.564998626709,34.7299995422363,35.2999992370605,31208500,35.2999992370605
2024-06-26,35.0299987792969,35.3300018310547,34.560001373291,34.7099990844727,13026600,34.7099990844727
2024-06-27,35.0800018310547,35.560001373291,34.935001373291,34.9799995422363,14788800,34.9799995422363
2024-06-28,35.0299987792969,35.2249984741211,34.0999984741211,34.1399993896484,18313100,34.1399993896484
2024-07-01,35.8199996948242,36.4049987792969,35.5800018310547,36,18509900,36
2024-07-02,35.8199996948242,35.9749984741211,35.1500015258789,35.2200012207031,13772200,35.2200012207031
2024-07-03,34.3499984741211,34.5999984741211,34.1100006103516,34.439998626709,12793300,34.439998626709
2024-07-05,31.6749992370605,32.5379981994629,31.5699996948242,32.2000007629395,47018300,32.2000007629395
2024-07-08,32.5999984741211,32.7200012207031,31.3400001525879,32.1599998474121,28999100,32.1599998474121
2024-07-09,32.6199989318848,33.2350006103516,32.4410018920898,32.9599990844727,17924500,32.9599990844727
2024-07-10,33.060001373291,33.0900001525879,32.6699981689453,32.6699981689453,17248800,32.6699981689453
2024-07-11,33.5200004577637,33.6399993896484,32.5699996948242,32.7000007629395,21952200,32.7000007629395
2024-07-12,32.7999992370605,33.4099998474121,32.7719993591309,32.8499984741211,16921000,32.8499984741211
2024-07-15,35.7900009155273,36.4700012207031,35.6100006103516,36.1500015258789,34245900,36.1500015258789
2024-07-16,36.4249992370605,37.2200012207031,35.9700012207031,37.1699981689453,27810500,37.1699981689453
2024-07-17,36.8699989318848,37.2999992370605,36.3899993896484,36.8400001525879,32704100,36.8400001525879
2024-07-18,36.9949989318848,37.0699996948242,36.0299987792969,36.2200012207031,22725800,36.2200012207031
2024-07-19,36.560001373291,38.5299987792969,36.5,38.4000015258789,46756100,38.4000015258789
2024-07-22,38.560001373291,38.9599990844727,37.9500007629395,38.9300003051758,24116200,38.9300003051758
2024-07-23,37.9500007629395,38.4000015258789,37.2729988098145,37.3400001525879,35482200,37.3400001525879
2024-07-24,37.9900016784668,38.2799987792969,37.3600006103516,37.4199981689453,23403000,37.4199981689453
2024-07-25,36.6199989318848,37.1500015258789,36.0900001525879,36.8300018310547,21928800,36.8300018310547
2024-07-26,38.4599990844727,38.8899993896484,38.1300010681152,38.7900009155273,28993200,38.7900009155273
2024-07-29,39.7299995422363,39.7449989318848,37.8300018310547,38.3400001525879,38158700,38.3400001525879
2024-07-30,37.9799995422363,38.1399993896484,37.3199996948242,37.5499992370605,19556000,37.5499992370605
2024-07-31,37.8699989318848,38.0900001525879,36.9949989318848,37.1800003051758,20533000,37.1800003051758
2024-08-01,36.7999992370605,36.9799995422363,35.4300003051758,36.0699996948242,37068100,36.0699996948242
2024-08-02,36.9300003051758,37.3199996948242,35.4900016784668,35.6100006103516,35706100,35.6100006103516
2024-08-05,28.3500003814697,31.6599998474121,28.2299995422363,30.4799995422363,97633000,30.4799995422363
2024-08-06,31.4300003051758,32.5349998474121,31,32.3400001525879,39663800,32.3400001525879
2024-08-07,32.6500015258789,32.7900009155273,31.1200008392334,31.1900005340576,24351500,31.1900005340576
2024-08-08,32.9099998474121,34.1399993896484,32.2999992370605,33.8800010681152,32889400,33.8800010681152
2024-08-09,34.4099998474121,34.8349990844727,33.9300003051758,34.5999984741211,18872700,34.5999984741211
2024-08-12,33.9300003051758,34.5999984741211,32.9449996948242,33.6399993896484,20819200,33.6399993896484
2024-08-13,33.5699996948242,35.125,33.5400009155273,34.6399993896484,20186000,34.6399993896484
2024-08-14,34.6349983215332,34.7400016784668,33.4300003051758,33.560001373291,19032500,33.560001373291
2024-08-15,33.7200012207031,34.1199989318848,32.2900009155273,32.5,29136100,32.5
2024-08-16,33.3600006103516,34.1360015869141,32.8499984741211,34.0299987792969,22686500,34.0299987792969
2024-08-19,33.4700012207031,33.7949981689453,33.0999984741211,33.6199989318848,13480200,33.6199989318848
2024-08-20,34.5200004577637,34.7700004577637,33.3499984741211,33.9199981689453,21676600,33.9199981689453
2024-08-21,33.8800010681152,35.1450004577637,33.5299987792969,35.1300010681152,22993900,35.1300010681152
2024-08-22,34.6599998474121,34.7350006103516,34.2400016784668,34.3499984741211,15825100,34.3499984741211
2024-08-23,34.8050003051758,36.439998626709,34.6399993896484,36.2799987792969,51673300,36.2799987792969
2024-08-26,36.3400001525879,36.4150009155273,35.9199981689453,36.0900001525879,19479700,36.0900001525879
2024-08-27,35.560001373291,35.5870018005371,34.9900016784668,35.3800010681152,19488600,35.3800010681152
2024-08-28,34.0999984741211,34.2000007629395,32.9300003051758,33.5200004577637,36007400,33.5200004577637
2024-08-29,34.2999992370605,34.8250007629395,33.5200004577637,33.689998626709,22692500,33.689998626709
2024-08-30,33.9000015258789,34.0699996948242,32.8400001525879,33.3699989318848,22832300,33.3699989318848
2024-09-03,33.6399993896484,33.6500015258789,32.7000007629395,32.9799995422363,23729700,32.9799995422363
2024-09-04,32.0999984741211,33.3079986572266,31.9200000762939,33.0400009155273,19751900,33.0400009155273
2024-09-05,32.2299995422363,32.5999984741211,31.7099990844727,31.8500003814697,20575400,31.8500003814697
2024-09-06,32.2849998474121,32.3800010681152,30.2399997711182,30.4099998474121,40486800,30.4099998474121
2024-09-09,31.5200004577637,32.5800018310547,31.173999786377,32.5099983215332,24533700,32.5099983215332
2024-09-10,32.4099998474121,33.060001373291,32.1500015258789,33,12648700,33
2024-09-11,32.3300018310547,33.0149993896484,31.5799999237061,32.7999992370605,20530600,32.7999992370605
2024-09-12,32.8699989318848,33.3499984741211,32.6100006103516,33.25,15834000,33.25
2024-09-13,32.8800010681152,34.2249984741211,32.7999992370605,34.0400009155273,33125000,34.0400009155273
2024-09-16,33.310001373291,33.3300018310547,32.689998626709,32.9799995422363,20931200,32.9799995422363
2024-09-17,33.7599983215332,34.9700012207031,33.5200004577637,34.0999984741211,39849900,34.0999984741211
2024-09-18,34.0800018310547,34.9300003051758,33.6599998474121,34.1500015258789,28844900,34.1500015258789
2024-09-19,36.0299987792969,36.3959999084473,35.6650009155273,36.0099983215332,25199400,36.0099983215332
2024-09-20,35.8499984741211,36.1959991455078,35.5149993896484,35.7999992370605,15938400,35.7999992370605
2024-09-23,36.060001373291,36.3549995422363,35.8899993896484,36.0400009155273,17294800,36.0400009155273
2024-09-24,36.1399993896484,36.689998626709,35.689998626709,36.6399993896484,19764100,36.6399993896484
2024-09-25,36.1500015258789,36.4500007629395,35.8300018310547,35.9700012207031,13547100,35.9700012207031
2024-09-26,36.6549987792969,37.5299987792969,36.5200004577637,36.8400001525879,41457100,36.8400001525879
2024-09-27,37.4199981689453,37.939998626709,37.2449989318848,37.3899993896484,28884500,37.3899993896484
2024-09-30,36.4199981689453,36.4900016784668,35.8600006103516,36.1300010681152,23334200,36.1300010681152
2024-10-01,36.0699996948242,36.0999984741211,34.689998626709,35.1300010681152,43920500,35.1300010681152
2024-10-02,34.6300010681152,35.5099983215332,34.1349983215332,34.2400016784668,29353600,34.2400016784668
2024-10-03,34.4000015258789,34.75,34.060001373291,34.7200012207031,18482500,34.7200012207031
2024-10-04,35.0400009155273,35.5999984741211,34.5750007629395,35.5200004577637,22625700,35.5200004577637
2024-10-07,35.9099998474121,36.7299995422363,35.689998626709,36.060001373291,21124100,36.060001373291
2024-10-08,35.6300010681152,35.9900016784668,35.1599998474121,35.4000015258789,25203200,35.4000015258789
2024-10-09,35.2099990844727,35.4949989318848,34.560001373291,34.6800003051758,18244000,34.6800003051758
2024-10-10,34.7599983215332,34.7599983215332,33.4650001525879,33.9500007629395,25996500,33.9500007629395
2024-10-11,34.939998626709,36.1450004577637,34.939998626709,35.939998626709,33399400,35.939998626709
2024-10-14,36.8699989318848,37.814998626709,36.8199996948242,37.5699996948242,44553100,37.5699996948242
2024-10-15,37.5299987792969,38.7449989318848,36.875,38.1699981689453,53539000,38.1699981689453
2024-10-16,38.6599998474121,38.9300003051758,38.2400016784668,38.5800018310547,26627500,38.5800018310547
2024-10-17,38.1599998474121,38.5400009155273,37.939998626709,38.0499992370605,19655500,38.0499992370605
2024-10-18,38.6100006103516,39.3699989318848,38.560001373291,39.0699996948242,39820500,39.0699996948242
2024-10-21,38.6399993896484,38.6699981689453,38.0200004577637,38.5699996948242,28773400,38.5699996948242
2024-10-22,38.1800003051758,38.5499992370605,37.890998840332,38.4099998474121,23972900,38.4099998474121
2024-10-23,37.8600006103516,38.0800018310547,37.0900001525879,37.810001373291,25771200,37.810001373291
2024-10-24,38.4700012207031,38.9199981689453,38.2999992370605,38.8699989318848,27015500,38.8699989318848
2024-10-25,38.7200012207031,39.2000007629395,37.4700012207031,38.0099983215332,51745600,38.0099983215332
2024-10-28,39.25,39.8400001525879,38.9500007629395,39.6699981689453,54652300,39.6699981689453
2024-10-29,40.560001373291,41.9599990844727,40.3600006103516,41.3300018310547,81566300,41.3300018310547
2024-10-30,40.8800010681152,41.2799987792969,40.6220016479492,40.8800010681152,32004700,40.8800010681152
2024-10-31,40.9799995422363,41.0099983215332,39.7249984741211,39.7799987792969,48039800,39.7799987792969
2024-11-01,39.9249992370605,40.7980003356934,39.0999984741211,39.3699989318848,49930200,39.3699989318848
2024-11-04,39.0299987792969,39.1199989318848,38.1699981689453,38.25,36048900,38.25
2024-11-05,39.4300003051758,40.1300010681152,39.1100006103516,39.5099983215332,36660400,39.5099983215332
2024-11-06,42.3199996948242,43.6300010681152,41.8600006103516,43.4000015258789,97138100,43.4000015258789
2024-11-07,42.7099990844727,43.8400001525879,42.4700012207031,43.5999984741211,40670200,43.5999984741211
2024-11-08,43.439998626709,44.0900001525879,43.0999984741211,43.689998626709,44183700,43.689998626709
2024-11-11,46.6599998474121,49.8899993896484,46.5299987792969,49.5699996948242,96319200,49.5699996948242
2024-11-12,49.0200004577637,51.2599983215332,48.5149993896484,51.0499992370605,77294900,51.0499992370605
2024-11-13,51.2400016784668,53.2550010681152,50.8600006103516,51.0400009155273,103319300,51.0400009155273
2024-11-14,51.9900016784668,52.2999992370605,49.7000007629395,49.7299995422363,60782800,49.7299995422363
2024-11-15,50.8400001525879,52.1699981689453,49.9249992370605,52.1300010681152,46939400,52.1300010681152
2024-11-18,51.5,52.8050003051758,51.0400009155273,52.1300010681152,61022200,52.1300010681152
2024-11-19,52.1599998474121,53.6599998474121,51.9099998474121,52.7000007629395,80884000,52.7000007629395
2024-11-20,53.8800010681152,54.1699981689453,53.060001373291,53.7200012207031,70154500,53.7200012207031
2024-11-21,55.4099998474121,56.5050010681152,54.4099998474121,55.9000015258789,93957600,55.9000015258789
2024-11-22,55.6399993896484,56.8600006103516,55.310001373291,56.4900016784668,66020400,56.4900016784668
2024-11-25,55.4099998474121,55.4900016784668,53.6699981689453,54.0200004577637,69396700,54.0200004577637
2024-11-26,52.439998626709,53.9949989318848,51.5400009155273,51.7000007629395,67423300,51.7000007629395
2024-11-27,53.8300018310547,55.4900016784668,53.6599998474121,55.0299987792969,61783500,55.0299987792969
2024-11-29,55.4799995422363,56.3600006103516,55.2099990844727,55.2099990844727,30337300,55.2099990844727
2024-12-02,54.6599998474121,55.5449981689453,53.75,54.4799995422363,52619400,54.4799995422363
2024-12-03,53.6199989318848,54.939998626709,53.2830009460449,54.4599990844727,39000400,54.4599990844727
2024-12-04,54.6100006103516,56.6100006103516,53.9000015258789,56.4199981689453,58655300,56.4199981689453
2024-12-05,58.5950012207031,59.1599998474121,55.7000007629395,56.4000015258789,89447600,56.4000015258789
2024-12-06,56.5999984741211,58.2099990844727,56.1800003051758,57.7999992370605,50017000,57.7999992370605
2024-12-09,56.4099998474121,57.25,54.6349983215332,54.7299995422363,55677600,54.7299995422363
2024-12-10,55.7999992370605,56,53.6199989318848,54.9000015258789,48810000,54.9000015258789
2024-12-11,56.189998626709,57.9799995422363,56.0400009155273,57.7200012207031,48872600,57.7200012207031
2024-12-12,57.7700004577637,58.4500007629395,56.4700012207031,56.9199981689453,38811300,56.9199981689453
2024-12-13,57.2000007629395,58.0900001525879,56.7299995422363,57.9099998474121,37881700,57.9099998474121
2024-12-16,59.4300003051758,61.4650001525879,59.3800010681152,60.2200012207031,63994100,60.2200012207031
2024-12-17,61.3699989318848,61.75,60.1500015258789,60.7299995422363,49617700,60.7299995422363
2024-12-18,59.560001373291,59.7849998474121,56.8199996948242,57.1800003051758,69862700,57.1800003051758
2024-12-19,58.1949996948242,58.4799995422363,54.2799987792969,54.7200012207031,79563900,54.7200012207031
2024-12-20,54.0750007629395,55.6599998474121,53.9300003051758,54.810001373291,55327900,54.810001373291
2024-12-23,54.2700004577637,54.3400001525879,52.5,52.8699989318848,44528500,52.8699989318848
2024-12-24,55.0550003051758,56.4080009460449,54.8800010681152,56.2299995422363,27692700,56.2299995422363
2024-12-26,54.4199981689453,54.9599990844727,54.060001373291,54.2999992370605,26500600,54.2999992370605
2024-12-27,54.7799987792969,54.8199996948242,52.9599990844727,53.6800003051758,35983000,53.6800003051758
2024-12-30,52.7999992370605,53.939998626709,51.7700004577637,53.5499992370605,39340000,53.5499992370605
2024-12-31,54.4780006408691,54.7299995422363,52.9000015258789,53.0499992370605,30143600,53.0499992370605
2025-01-02,54.8950004577637,55.7299995422363,54.5900001525879,55.3699989318848,41029200,55.3699989318848
2025-01-03,55.2299995422363,56.4099998474121,54.9700012207031,55.9599990844727,32839500,55.9599990844727
2025-01-06,56.3650016784668,58.4550018310547,56.2400016784668,58.1699981689453,47318400,58.1699981689453
2025-01-07,57.310001373291,57.3819999694824,54.5800018310547,54.7900009155273,57081800,54.7900009155273
2025-01-08,54.2700004577637,54.6100006103516,52.5099983215332,53.3400001525879,47071000,53.3400001525879
2025-01-10,53.7000007629395,54.5460014343262,52.390998840332,53.8400001525879,43996100,53.8400001525879
2025-01-13,51.6500015258789,53.3300018310547,50.689998626709,53.2200012207031,44866500,53.2200012207031
2025-01-14,55.0400009155273,55.3300018310547,54.1800003051758,54.8300018310547,30772800,54.8300018310547
2025-01-15,56.1399993896484,57.3499984741211,53.9659996032715,56.6399993896484,42124700,56.6399993896484
2025-01-16,56.5299987792969,57.2900009155273,55.2999992370605,57.0900001525879,35548000,57.0900001525879
2025-01-17,58.5149993896484,60.4099998474121,58.2599983215332,59.6199989318848,70766100,59.6199989318848
2025-01-21,59.8699989318848,61.0800018310547,58.4099998474121,60.4199981689453,63410700,60.4199981689453
2025-01-22,59.5499992370605,59.8600006103516,58.7599983215332,59.3800010681152,37667900,59.3800010681152
2025-01-23,58.2299995422363,60.8199996948242,58.1599998474121,58.7900009155273,118197600,58.7900009155273
2025-01-24,59.9199981689453,61.060001373291,59.560001373291,59.7000007629395,46082300,59.7000007629395
2025-01-27,57.3199996948242,58.2000007629395,56.1500015258789,57.6699981689453,61243100,57.6699981689453
2025-01-28,58.3400001525879,59.060001373291,57.5449981689453,57.5800018310547,30257000,57.5800018310547
2025-01-29,58.1199989318848,59.6699981689453,57.6599998474121,59.3400001525879,38059400,59.3400001525879
2025-01-30,59.7299995422363,60.6699981689453,59.5999984741211,59.7200012207031,33479300,59.7200012207031
2025-01-31,59.6100006103516,60.4000015258789,57.6500015258789,57.7099990844727,41738300,57.7099990844727
2025-02-03,53.9700012207031,58.1349983215332,53.689998626709,57.5800018310547,73864900,57.5800018310547
2025-02-04,56.5099983215332,57.4249992370605,55.7299995422363,56.1300010681152,48597700,56.1300010681152
2025-02-05,56.2099990844727,56.4700012207031,54.8699989318848,55.3300018310547,24705000,55.3300018310547
2025-02-06,55.9300003051758,56.314998626709,54.4099998474121,55.1199989318848,28324400,55.1199989318848
2025-02-07,56.7400016784668,57.0499992370605,54.3600006103516,54.4700012207031,41477300,54.4700012207031
2025-02-10,55.6100006103516,55.7700004577637,55.0800018310547,55.3800010681152,21331800,55.3800010681152
2025-02-11,55.1100006103516,55.3600006103516,53.8699989318848,54.1100006103516,27542700,54.1100006103516
2025-02-12,53.8300018310547,55.560001373291,53.7000007629395,55.1599998474121,34445200,55.1599998474121
2025-02-13,54.5699996948242,54.8800010681152,54.1199989318848,54.7400016784668,24211200,54.7400016784668
2025-02-14,54.939998626709,56.3600006103516,54.75,55.3300018310547,27505400,55.3300018310547
2025-02-18,54.9000015258789,54.9900016784668,53.0299987792969,53.5099983215332,38190500,53.5099983215332
2025-02-19,54.8300018310547,55,54.2200012207031,54.6500015258789,29062100,54.6500015258789
2025-02-20,55.6300010681152,56.2000007629395,55.0099983215332,56.0400009155273,25814900,56.0400009155273
2025-02-21,56.3899993896484,56.5499992370605,53.7900009155273,53.9199981689453,48588600,53.9199981689453
2025-02-24,54.2299995422363,54.4700012207031,53.189998626709,53.4099998474121,38111600,53.4099998474121
2025-02-25,50.6549987792969,50.6599998474121,48.6699981689453,50.0299987792969,103835200,50.0299987792969
2025-02-26,48.7099990844727,50.2299995422363,46.689998626709,47.9599990844727,85749300,47.9599990844727
2025-02-27,49.0099983215332,49.0900001525879,46.9000015258789,47.3499984741211,43346500,47.3499984741211
2025-02-28,46.5400009155273,48.439998626709,46.064998626709,47.9000015258789,59648300,47.9000015258789
2025-03-03,52.9700012207031,53.0349998474121,48.3600006103516,48.9000015258789,92274100,48.9000015258789
2025-03-04,47.0299987792969,50.560001373291,46.2799987792969,49.3899993896484,72360100,49.3899993896484
2025-03-05,51.0099983215332,51.5,49.7599983215332,51.439998626709,49050700,51.439998626709
2025-03-06,51.1549987792969,52.0200004577637,49.8800010681152,50.6399993896484,50275000,50.6399993896484
2025-03-07,50.6699981689453,51.8199996948242,49.1300010681152,49.4300003051758,59351100,49.4300003051758
2025-03-10,46.9900016784668,47.1199989318848,43.9500007629395,44.9099998474121,85278800,44.9099998474121
2025-03-11,46.2999992370605,47.5499992370605,44.8849983215332,47.2400016784668,48562700,47.2400016784668
2025-03-12,47.3800010681152,47.6450004577637,45.7949981689453,47.1500015258789,32196200,47.1500015258789
2025-03-13,47.1300010681152,47.2799987792969,45.3800010681152,45.5200004577637,42870400,45.5200004577637
2025-03-14,47.3849983215332,48.5550003051758,46.9900016784668,48.1399993896484,43770200,48.1399993896484
2025-03-17,47.1599998474121,48.2350006103516,46.8699989318848,48.060001373291,28998300,48.060001373291
2025-03-18,46.8250007629395,46.9199981689453,46.0900001525879,46.810001373291,33645500,46.810001373291
2025-03-19,47.7400016784668,48.939998626709,47.5400009155273,48.6100006103516,40812800,48.6100006103516
2025-03-20,48.3899993896484,49.2249984741211,47.4900016784668,47.8499984741211,30509100,47.8499984741211
2025-03-21,47.560001373291,47.9900016784668,47.25,47.7000007629395,18141500,47.7000007629395
2025-03-24,49.6399993896484,50.5,49.5900001525879,50.1800003051758,29833300,50.1800003051758
2025-03-25,49.8600006103516,50.25,49.5,50.1399993896484,21846300,50.1399993896484
2025-03-26,49.75,50.0200004577637,48.7700004577637,49.1800003051758,28741800,49.1800003051758
2025-03-27,49.0800018310547,49.8089981079102,48.7949981689453,49.439998626709,33004000,49.439998626709
2025-03-28,48.4700012207031,48.6399993896484,47.4300003051758,47.560001373291,37749400,47.560001373291
2025-03-31,46.8800010681152,47.689998626709,46.3409996032715,46.810001373291,24010800,46.810001373291
2025-04-01,47.5299987792969,48.6500015258789,46.8419990539551,48.2999992370605,30139700,48.2999992370605
2025-04-02,48.1300010681152,49.7150001525879,48.0400009155273,49.4099998474121,38654700,49.4099998474121
2025-04-03,46.5900001525879,47.0400009155273,46.1100006103516,46.5699996948242,40676000,46.5699996948242
2025-04-04,46.939998626709,48.1100006103516,46.4300003051758,47.7099990844727,68668800,47.7099990844727
2025-04-07,43.6800003051758,46.1599998474121,42.9799995422363,44.2700004577637,107582100,44.2700004577637
2025-04-08,45.5400009155273,45.6500015258789,43.2550010681152,43.5900001525879,50053300,43.5900001525879
2025-04-09,43.5800018310547,47.189998626709,43.5299987792969,46.8300018310547,85507900,46.8300018310547
2025-04-10,46.4099998474121,46.4900016784668,44.5050010681152,45.1699981689453,45745700,45.1699981689453
2025-04-11,46.6300010681152,47.8870010375977,46.1800003051758,47.6699981689453,54223500,47.6699981689453
2025-04-14,48.2900009155273,48.810001373291,47.5499992370605,48.2799987792969,32514400,48.2799987792969
2025-04-15,48.7999992370605,49.189998626709,47.6800003051758,47.7400016784668,24001700,47.7400016784668
2025-04-16,47.5900001525879,48.6399993896484,47.3549995422363,47.9599990844727,27463000,47.9599990844727
2025-04-17,48.1500015258789,48.6500015258789,47.6150016784668,48.2599983215332,23963600,48.2599983215332
2025-04-21,49.6300010681152,50.4199981689453,49.0950012207031,49.7200012207031,57126900,49.7200012207031
2025-04-22,51,52.2700004577637,50.8800010681152,52.0800018310547,83738100,52.0800018310547
2025-04-23,53.4599990844727,53.8400001525879,52.2700004577637,53.2000007629395,60960500,53.2000007629395
2025-04-24,52.75,53.310001373291,52.6500015258789,53.2599983215332,28476600,53.2599983215332
2025-04-25,53.6199989318848,54.5800018310547,53.4799995422363,54.2700004577637,48231000,54.2700004577637
2025-04-28,54.0900001525879,54.1699981689453,53.1199989318848,53.8800010681152,34157200,53.8800010681152
2025-04-29,53.9500007629395,54.3199996948242,53.7550010681152,54.2200012207031,31214000,54.2200012207031
2025-04-30,53.75,53.7649993896484,52.7599983215332,53.5099983215332,34189600,53.5099983215332
2025-05-01,54.9900016784668,55.5050010681152,54.5200004577637,54.9500007629395,52802600,54.9500007629395
2025-05-02,55.1599998474121,55.7400016784668,54.9720001220703,55.189998626709,43449000,55.189998626709
2025-05-05,53.5200004577637,53.9700012207031,53.1800003051758,53.6300010681152,24957700,53.6300010681152
2025-05-06,53.2449989318848,54.1100006103516,53.0200004577637,53.9700012207031,20578700,53.9700012207031
2025-05-07,54.9900016784668,55.4550018310547,54.4500007629395,54.6800003051758,29627400,54.6800003051758
2025-05-08,56.5400009155273,57.8349990844727,56.310001373291,57.6199989318848,55449000,57.6199989318848
2025-05-09,58.560001373291,59.0069999694824,58.1549987792969,58.6599998474121,36503700,58.6599998474121
2025-05-12,59.1800003051758,59.4799995422363,57.2299995422363,57.8800010681152,44350600,57.8800010681152
2025-05-13,58.9799995422363,59.75,58.4570007324219,59.6199989318848,38312000,59.6199989318848
2025-05-14,59.1800003051758,59.3499984741211,58.3199996948242,58.7400016784668,38499400,58.7400016784668
2025-05-15,58.2799987792969,59.2550010681152,57.6199989318848,58.6699981689453,33563800,58.6699981689453
2025-05-16,58.8800010681152,59.5,58.7700004577637,59.2000007629395,37353600,59.2000007629395
2025-05-19,58.2900009155273,60.060001373291,58.2099990844727,59.9900016784668,50625100,59.9900016784668
2025-05-20,59.4850006103516,61.0499992370605,59.2000007629395,60.9099998474121,49771100,60.9099998474121
2025-05-21,60.5400009155273,62.5299987792969,60.3250007629395,61.7900009155273,98801900,61.7900009155273
2025-05-22,63.3499984741211,63.7000007629395,62.810001373291,63.2299995422363,66549500,63.2299995422363
2025-05-23,61.810001373291,62.6049995422363,61.4300003051758,61.8300018310547,61971400,61.8300018310547
2025-05-27,62.8400001525879,63.0400009155273,61.8250007629395,62.5,49538600,62.5
2025-05-28,61.8400001525879,62.0250015258789,60.7599983215332,60.7900009155273,44241900,60.7900009155273
2025-05-29,61.5800018310547,61.6100006103516,59.9000015258789,59.9900016784668,70159800,59.9900016784668
2025-05-30,60.0449981689453,60.2599983215332,58.8549995422363,59.4599990844727,45680000,59.4599990844727
2025-06-02,59.0699996948242,59.5550003051758,58.8800010681152,59.3600006103516,30733500,59.3600006103516
2025-06-03,59.9799995422363,60.7799987792969,59.7099990844727,60.4000015258789,37381600,60.4000015258789
2025-06-04,59.6599998474121,60.0040016174316,59.1599998474121,59.6399993896484,32365300,59.6399993896484
2025-06-05,60.1500015258789,60.1599998474121,57.7000007629395,57.8699989318848,57995000,57.8699989318848
2025-06-06,59.0900001525879,59.9700012207031,59.0499992370605,59.2599983215332,34477600,59.2599983215332
2025-06-09,61.1300010681152,61.8600006103516,60.7799987792969,61.7700004577637,43950300,61.7700004577637
2025-06-10,62.3600006103516,62.7599983215332,61.5499992370605,62.2900009155273,32894300,62.2900009155273
2025-06-11,62.4000015258789,62.7900009155273,61.601001739502,61.8400001525879,30336900,61.8400001525879
2025-06-12,60.7000007629395,61.6500015258789,60.5200004577637,60.7000007629395,36713600,60.7000007629395
2025-06-13,59.6199989318848,60.2949981689453,59.1699981689453,59.7400016784668,42127800,59.7400016784668
2025-06-16,60.5999984741211,61.9500007629395,60.5099983215332,61.7999992370605,42415200,61.7999992370605
2025-06-17,60.0200004577637,60.1300010681152,58.689998626709,59.5,53900700,59.5
2025-06-18,59.064998626709,59.9000015258789,58.8199996948242,58.9700012207031,40166400,58.9700012207031
2025-06-20,60.2700004577637,60.3300018310547,58.1450004577637,58.6699981689453,35261800,58.6699981689453
2025-06-23,57.4799995422363,58.7599983215332,56.625,58.6699981689453,63747200,58.6699981689453
2025-06-24,59.7700004577637,60.4700012207031,59.5550003051758,60.060001373291,40387200,60.060001373291
2025-06-25,61.3300018310547,61.5250015258789,60.7099990844727,61.2750015258789,40812500,61.2750015258789
2025-06-26,60.9300003051758,61.2799987792969,60.564998626709,61.1399993896484,29434600,61.1399993896484
2025-06-27,60.685001373291,61.25,60.4700012207031,60.7200012207031,35637900,60.7200012207031
2025-06-30,61.2700004577637,61.310001373291,60.6199989318848,61.2099990844727,34174000,61.2099990844727
2025-07-01,60.5800018310547,60.9249992370605,59.8250007629395,59.8400001525879,35575500,59.8400001525879
2025-07-02,61.1199989318848,62.4700012207031,61.0099983215332,62.4199981689453,65900200,62.4199981689453
2025-07-03,62.2099990844727,62.939998626709,62.0149993896484,62.189998626709,32662400,62.189998626709
2025-07-07,61.6300010681152,61.7750015258789,61.0400009155273,61.4000015258789,37793400,61.4000015258789
2025-07-08,61.9000015258789,62.1049995422363,61.4000015258789,61.8199996948242,29471500,61.8199996948242
2025-07-09,62.2900009155273,63.7599983215332,61.6300010681152,63.5800018310547,56974400,63.5800018310547
2025-07-10,63.1399993896484,64.8099975585938,62.7999992370605,64.5,84144900,64.5
2025-07-11,66.879997253418,67.2350006103516,66.2910003662109,67.2099990844727,78031900,67.2099990844727
2025-07-14,69.1699981689453,69.4599990844727,67.7350006103516,68.1800003051758,68391600,68.1800003051758
2025-07-15,66.9300003051758,67.4000015258789,65.7699966430664,66.1600036621094,82079400,66.1600036621094
2025-07-16,67.5500030517578,68.2399978637695,67.1419982910156,67.8300018310547,58547500,67.8300018310547
2025-07-17,67.0350036621094,68.2149963378906,66.8199996948242,67.6500015258789,45310300,67.6500015258789
2025-07-18,67.5400009155273,67.8379974365234,66.5449981689453,66.6800003051758,51010400,66.6800003051758
2025-07-21,67.2099990844727,67.8050003051758,66.2300033569336,66.3300018310547,47080800,66.3300018310547
2025-07-22,67.7699966430664,68.3899993896484,66.7900009155273,67.8199996948242,45383900,67.8199996948242
2025-07-23,67.1100006103516,67.5100021362305,66.6600036621094,67.2900009155273,34878700,67.2900009155273
2025-07-24,67.5,67.9800033569336,66.9649963378906,67.6600036621094,33249900,67.6600036621094
2025-07-25,66.0899963378906,66.5699996948242,65.3499984741211,66.3600006103516,53995700,66.3600006103516
2025-07-28,67.4049987792969,67.7399978637695,66.6999969482422,67.0999984741211,38748000,67.0999984741211
2025-07-29,67.6100006103516,67.6650009155273,66.370002746582,66.7099990844727,38407300,66.7099990844727
2025-07-30,66.7799987792969,67.5299987792969,65.7200012207031,66.370002746582,40903100,66.370002746582
2025-07-31,67.120002746582,67.5800018310547,66.2900009155273,66.3199996948242,41463100,66.3199996948242
2025-08-01,65.6500015258789,65.7399978637695,64.1399993896484,64.2200012207031,69829700,64.2200012207031
2025-08-04,64.7919998168945,65.7399978637695,64.734001159668,65.1999969482422,29985200,65.1999969482422
2025-08-05,64.8600006103516,65.120002746582,63.9300003051758,64.5500030517578,31327700,64.5500030517578
2025-08-06,64.7099990844727,65.7799987792969,64.4779968261719,65.5100021362305,26866700,65.5100021362305
2025-08-07,66.1900024414062,66.8899993896484,65.7399978637695,66.8300018310547,41363900,66.8300018310547
2025-08-08,66.379997253418,66.7160034179688,65.8199996948242,66.129997253418,29121400,66.129997253418
2025-08-11,67.879997253418,68.6500015258789,67.370002746582,67.6399993896484,43158500,67.6399993896484
2025-08-12,67.7300033569336,68.3000030517578,67.3600006103516,67.9499969482422,33459300,67.9499969482422
2025-08-13,68.5500030517578,69.8899993896484,68.2200012207031,69.8399963378906,54824600,69.8399963378906
2025-08-14,67.2099990844727,67.879997253418,66.5500030517578,67.0299987792969,71199600,67.0299987792969
2025-08-15,67.3099975585938,67.3600006103516,66.3399963378906,66.4400024414062,39585100,66.4400024414062
2025-08-18,65.7200012207031,66.3499984741211,65.1800003051758,66.0500030517578,33918500,66.0500030517578
2025-08-19,65.7399978637695,65.8059997558594,63.9000015258789,64.1900024414062,56556200,64.1900024414062
2025-08-20,64.3649978637695,64.9899978637695,63.7400016784668,64.9000015258789,40798800,64.9000015258789
2025-08-21,64.3499984741211,64.765998840332,63.5400009155273,63.689998626709,34187100,63.689998626709
2025-08-22,63.7999992370605,66.754997253418,63.560001373291,66.25,66739200,66.25
2025-08-25,63.4500007629395,64.1949996948242,62.7599983215332,62.8800010681152,55863400,62.8800010681152
2025-08-26,62.4099998474121,63.1800003051758,62.1100006103516,63.0999984741211,41469300,63.0999984741211
2025-08-27,63.2449989318848,64.0199966430664,63.0449981689453,63.6500015258789,33800800,63.6500015258789
2025-08-28,64.2149963378906,64.379997253418,63.5550003051758,63.5800018310547,30895800,63.5800018310547
2025-08-29,62.7799987792969,62.8300018310547,61.310001373291,61.439998626709,52647000,61.439998626709
2025-09-02,62.1349983215332,63.5400009155273,61.939998626709,62.9700012207031,46457400,62.9700012207031
2025-09-03,63.2599983215332,64,63.1360015869141,63.7700004577637,34218100,63.7700004577637
2025-09-04,62.9300003051758,63.0099983215332,62.060001373291,62.3499984741211,32780400,62.3499984741211
2025-09-05,64.120002746582,64.3450012207031,62.5449981689453,63.4199981689453,47921800,63.4199981689453
2025-09-08,63.7599983215332,64.1900024414062,63.5299987792969,63.7000007629395,37129800,63.7000007629395
2025-09-09,64.0999984741211,64.1900024414062,62.8699989318848,63.2200012207031,36145400,63.2200012207031
2025-09-10,64.5999984741211,65.0299987792969,64.2699966430664,64.5299987792969,45183000,64.5299987792969
2025-09-11,64.625,65.2099990844727,64.5749969482422,65.0299987792969,34658200,65.0299987792969
2025-09-12,65.3199996948242,66.4499969482422,65.2200012207031,66.379997253418,48551100,66.379997253418
2025-09-15,65.3600006103516,65.6600036621094,64.9300003051758,65.5,34018400,65.5
2025-09-16,65.5699996948242,66.4700012207031,65.1399993896484,66.370002746582,33920600,66.370002746582
2025-09-17,66.0299987792969,66.1900024414062,65.0999984741211,65.6699981689453,46293700,65.6699981689453
2025-09-18,66.7300033569336,67.0400009155273,66.4800033569336,66.75,38481200,66.75
2025-09-19,66.0100021362305,66.1999969482422,65.3399963378906,65.370002746582,32989400,65.370002746582
2025-09-22,64.1750030517578,64.4599990844727,63.5800018310547,63.6500015258789,42504100,63.6500015258789
2025-09-23,64.1600036621094,64.3899993896484,63.3300018310547,63.4099998474121,40145000,63.4099998474121
2025-09-24,64.1999969482422,64.7799987792969,64.0699996948242,64.4199981689453,30977600,64.4199981689453
2025-09-25,63.3800010681152,63.4300003051758,61.5800018310547,62.0999984741211,63817400,62.0999984741211
2025-09-26,62.0099983215332,62.6500015258789,61.6699981689453,61.939998626709,48826000,61.939998626709
2025-09-29,63.7200012207031,65.0400009155273,63.6500015258789,64.9700012207031,51102300,64.9700012207031
2025-09-30,64.4000015258789,65.1100006103516,64.0999984741211,65,38099900,65
2025-10-01,66.3000030517578,67.2300033569336,66.1500015258789,66.7399978637695,57783300,66.7399978637695
2025-10-02,67.7600021362305,68.8399963378906,67.370002746582,68.7699966430664,62252200,68.7699966430664
2025-10-03,68.6050033569336,70.5299987792969,68.2200012207031,69.8099975585938,83244100,69.8099975585938
2025-10-06,71.0100021362305,71.8199996948242,70.7099990844727,71.2900009155273,68777400,71.2900009155273
2025-10-07,70.9700012207031,71,68.5299987792969,69.129997253418,81680200,69.129997253418
2025-10-08,69.5800018310547,70.5899963378906,69.120002746582,70.0599975585938,54245600,70.0599975585938
2025-10-09,70.1500015258789,70.1600036621094,67.9499969482422,68.7399978637695,55757600,68.7399978637695
2025-10-10,69.3199996948242,69.6600036621094,65.8000030517578,66.1999969482422,104949200,66.1999969482422
2025-10-13,64.9599990844727,65.8759994506836,64.620002746582,65.8099975585938,71877400,65.8099975585938
2025-10-14,62.9099998474121,64.5299987792969,62.3650016784668,63.9099998474121,75710400,63.9099998474121
2025-10-15,63.2900009155273,63.7700004577637,62.4900016784668,63.1699981689453,49569100,63.1699981689453
2025-10-16,63.0950012207031,63.2999992370605,61.0149993896484,61.4300003051758,89080600,61.4300003051758
2025-10-17,59.8899993896484,61.0299987792969,59.310001373291,60.4700012207031,94055300,60.4700012207031
2025-10-20,62.8800010681152,63.439998626709,62.3600006103516,62.9300003051758,51770200,62.9300003051758
2025-10-21,61.7299995422363,64.8000030517578,61.4199981689453,63.4900016784668,82011100,63.4900016784668
2025-10-22,61.4199981689453,61.9749984741211,60.9599990844727,61.2099990844727,72451100,61.2099990844727
2025-10-23,61.9599990844727,63.2360000610352,61.7099990844727,62.560001373291,41591300,62.560001373291
2025-10-24,63.1699981689453,63.2599983215332,62.2949981689453,62.8300018310547,39980900,62.8300018310547
2025-10-27,65.375,65.7600021362305,65,65.2799987792969,49298000,65.2799987792969
2025-10-28,65.3499984741211,65.9700012207031,64.4100036621094,64.4899978637695,47609800,64.4899978637695
2025-10-29,64.4850006103516,64.5100021362305,62,62.75,76944400,62.75
2025-10-30,61.5299987792969,61.5900001525879,60.2799987792969,60.4000015258789,57355600,60.4000015258789
2025-10-31,62.3499984741211,63.0299987792969,61.6199989318848,62.2999992370605,47300700,62.2999992370605
2025-11-03,61.0149993896484,61.3899993896484,59.7449989318848,60.5299987792969,51820400,60.5299987792969
2025-11-04,58.8800010681152,59.4900016784668,56.4850006103516,57.1800003051758,105318000,57.1800003051758
2025-11-05,58.2550010681152,59.3899993896484,57.9599990844727,58.9199981689453,51487200,58.9199981689453
2025-11-06,58.4000015258789,58.4099998474121,56.9039993286133,57.2599983215332,54876200,57.2599983215332
2025-11-07,56.8800010681152,58.9599990844727,56.3899993896484,58.8800010681152,64022300,58.8800010681152
2025-11-10,60.298999786377,60.3600006103516,59.4000015258789,60.189998626709,51036700,60.189998626709
2025-11-11,59.3300018310547,59.4099998474121,58.25,58.3499984741211,33993800,58.3499984741211
2025-11-12,59.4700012207031,59.560001373291,57.1699981689453,57.5900001525879,41656400,57.5900001525879
2025-11-13,58.1199989318848,58.7000007629395,55.4799995422363,55.5900001525879,78277800,55.5900001525879
2025-11-14,54.0900001525879,55.2849998474121,53.3800010681152,53.4749984741211,94217100,53.4749984741211
2025-11-17,53.3849983215332,54.4449996948242,51.7000007629395,52.0999984741211,92045900,52.0999984741211
